{
  "placement_accuracy": 0.9166562526035158,
  "tone_accuracy": 0.6376354114355406,
  "n_rows": 96024,
  "n_chordy_settings": 607
}