{
  "placement_accuracy": 0.9136801004044066,
  "tone_accuracy": 0.6667497507477568,
  "n_rows": 28684,
  "n_chordy_settings": 185
}