placement_accuracy,tone_accuracy,n_rows,n_chordy_settings
0.9136801004044066,0.6667497507477568,28684,185
