placement_accuracy,tone_accuracy,n_rows,n_chordy_settings
0.9166562526035158,0.6376354114355406,96024,607
